{
 "registered_views": 307,
 "n_panos": 53,
 "pano_ids": [
  1,
  3,
  5,
  7,
  9,
  11,
  13,
  15,
  17,
  19,
  21,
  23,
  25,
  27,
  29,
  31,
  33,
  35,
  37,
  39,
  41,
  43,
  45,
  47,
  49,
  51,
  53,
  55,
  57,
  59,
  61,
  63,
  65,
  67,
  69,
  71,
  73,
  75,
  77,
  79,
  81,
  83,
  85,
  87,
  89,
  91,
  93,
  95,
  97,
  99,
  101,
  103,
  105
 ],
 "fps": 1.5,
 "trajectory_uv": [
  [
   -4.73978,
   -1.75274
  ],
  [
   -4.60687,
   -1.42565
  ],
  [
   -4.55468,
   -1.03176
  ],
  [
   -4.61212,
   -0.60331
  ],
  [
   -4.69165,
   -0.18301
  ],
  [
   -4.78363,
   0.20214
  ],
  [
   -4.76519,
   0.53159
  ],
  [
   -4.52779,
   0.60647
  ],
  [
   -4.37054,
   0.54833
  ],
  [
   -4.19599,
   0.36129
  ],
  [
   -3.99403,
   0.07309
  ],
  [
   -3.72773,
   -0.29773
  ],
  [
   -3.40486,
   -0.64827
  ],
  [
   -3.02698,
   -0.95539
  ],
  [
   -2.6207,
   -1.19476
  ],
  [
   -2.23422,
   -1.30739
  ],
  [
   -1.82911,
   -1.35592
  ],
  [
   -1.44479,
   -1.32369
  ],
  [
   -1.08337,
   -1.24966
  ],
  [
   -0.67813,
   -1.17562
  ],
  [
   -0.31861,
   -1.04393
  ],
  [
   -0.08465,
   -0.75273
  ],
  [
   -0.11083,
   -0.31698
  ],
  [
   -0.22093,
   0.13891
  ],
  [
   -0.28754,
   0.62417
  ],
  [
   -0.34041,
   1.10683
  ],
  [
   -0.35085,
   1.57917
  ],
  [
   -0.31983,
   1.97845
  ],
  [
   -0.43374,
   2.64136
  ],
  [
   0.24515,
   2.35901
  ],
  [
   0.66237,
   2.44485
  ],
  [
   1.05587,
   2.45581
  ],
  [
   1.44467,
   2.41148
  ],
  [
   1.85933,
   2.39902
  ],
  [
   2.28791,
   2.42813
  ],
  [
   2.71064,
   2.44052
  ],
  [
   3.08853,
   2.37639
  ],
  [
   2.58809,
   2.71795
  ],
  [
   2.7431,
   2.47415
  ],
  [
   3.51025,
   1.48067
  ],
  [
   3.53841,
   1.01909
  ],
  [
   3.6237,
   0.54893
  ],
  [
   3.70578,
   0.09349
  ],
  [
   3.67306,
   -0.37991
  ],
  [
   3.69255,
   -0.89697
  ],
  [
   3.75302,
   -1.3282
  ],
  [
   3.805,
   -1.67018
  ],
  [
   3.96918,
   -2.16968
  ],
  [
   3.928,
   -2.58698
  ],
  [
   3.92455,
   -3.06118
  ],
  [
   4.11509,
   -3.50213
  ],
  [
   4.48991,
   -3.76444
  ],
  [
   3.9454,
   -2.06307
  ]
 ],
 "scale": "ARBITRARY (monocular) - recover via plan registration",
 "plane_normal": [
  -0.17283227274984103,
  -0.9736535661354391,
  0.14875395338567365
 ]
}